Dubai, United Arab Emirates
Dayrah, United Arab Emirates
Sharjah, United Arab Emirates
Mazār-e Sharīf, Afghanistan
Kandahār, Afghanistan
Kabul, Afghanistan
Herāt, Afghanistan
Tirana, Albania
Yerevan, Armenia
Saurimo, Angola
Uíge, Angola
Malanje, Angola
Luanda, Angola
Cabinda, Angola
Lubango, Angola
Lobito, Angola
Cuíto, Angola
Huambo, Angola
Benguela, Angola
Posadas, Argentina
Mar del Plata, Argentina
Corrientes, Argentina
Buenos Aires, Argentina
Santa Fe, Argentina
Salta, Argentina
Rosario, Argentina
Córdoba, Argentina
Vienna, Austria
Graz, Austria
Perth, Australia
Adelaide, Australia
Sydney, Australia
Newcastle, Australia
Melbourne, Australia
Gold Coast, Australia
Canberra, Australia
Brisbane, Australia
Logan City, Australia
Sunshine Coast, Australia
Sumqayıt, Azerbaijan
Ganja, Azerbaijan
Baku, Azerbaijan
Tungi, Bangladesh
Shibganj, Bangladesh
Rajshahi, Bangladesh
Comilla, Bangladesh
Rangpur, Bangladesh
Dhaka, Bangladesh
Bāndarban, Bangladesh
Mohāmmadpur, Bangladesh
Kāfrul, Bangladesh
Gazipur, Bangladesh
Chattogram, Bangladesh
Bhātāra, Bangladesh
Khulna, Bangladesh
Hāthazāri, Bangladesh
Natore, Bangladesh
Pallabi, Bangladesh
Brussels, Belgium
Antwerpen, Belgium
Ouagadougou, Burkina Faso
Bobo-Dioulasso, Burkina Faso
Varna, Bulgaria
Sofia, Bulgaria
Plovdiv, Bulgaria
Bujumbura, Burundi
Cotonou, Benin
Abomey-Calavi, Benin
La Paz, Bolivia
Cochabamba, Bolivia
Teresina, Brazil
São Luís, Brazil
Recife, Brazil
Petrolina, Brazil
Paulista, Brazil
Olinda, Brazil
Natal, Brazil
Maceió, Brazil
Macapá, Brazil
João Pessoa, Brazil
Jaboatão, Brazil
Fortaleza, Brazil
Caucaia, Brazil
Caruaru, Brazil
Campina Grande, Brazil
Belém, Brazil
Ananindeua, Brazil
Vitória, Brazil
Vila Velha, Brazil
Várzea Grande, Brazil
Uberlândia, Brazil
Uberaba, Brazil
Taubaté, Brazil
Suzano, Brazil
Sorocaba, Brazil
Serra, Brazil
São Vicente, Brazil
São Paulo, Brazil
São José dos Pinhais, Brazil
São José dos Campos, Brazil
São José do Rio Preto, Brazil
São João de Meriti, Brazil
São Bernardo do Campo, Brazil
Santos, Brazil
Santo André, Brazil
Salvador, Brazil
Rio de Janeiro, Brazil
Ribeirão Preto, Brazil
Ribeirão das Neves, Brazil
Praia Grande, Brazil
Porto Alegre, Brazil
Piracicaba, Brazil
Pelotas, Brazil
Osasco, Brazil
Nova Iguaçu, Brazil
Niterói, Brazil
Montes Claros, Brazil
Mogi das Cruzes, Brazil
Mauá, Brazil
Maringá, Brazil
Londrina, Brazil
Jundiaí, Brazil
Juiz de Fora, Brazil
Joinville, Brazil
Itaquaquecetuba, Brazil
Guarulhos, Brazil
Guarujá, Brazil
Goiânia, Brazil
Franca, Brazil
Florianópolis, Brazil
Feira de Santana, Brazil
Duque de Caxias, Brazil
Diadema, Brazil
Curitiba, Brazil
Cuiabá, Brazil
Contagem, Brazil
Caxias do Sul, Brazil
Cariacica, Brazil
Carapicuíba, Brazil
Canoas, Brazil
Campos dos Goytacazes, Brazil
Campo Grande, Brazil
Campinas, Brazil
Brasília, Brazil
Blumenau, Brazil
Betim, Brazil
Belo Horizonte, Brazil
Belford Roxo, Brazil
Bauru, Brazil
Barueri, Brazil
Aracaju, Brazil
Anápolis, Brazil
Palmas, Brazil
Rio Branco, Brazil
Porto Velho, Brazil
Manaus, Brazil
Boa Vista, Brazil
Aparecida de Goiânia, Brazil
Grajaú, Brazil
Jardim Angela, Brazil
Vitebsk, Belarus
Minsk, Belarus
Mahilyow, Belarus
Hrodna, Belarus
Homyel', Belarus
Brest, Belarus
Brampton, Canada
Calgary, Canada
Edmonton, Canada
Etobicoke, Canada
Gatineau, Canada
Hamilton, Canada
Laval, Canada
London, Canada
Markham, Canada
Mississauga, Canada
Montréal, Canada
Ottawa, Canada
Surrey, Canada
Toronto, Canada
Vancouver, Canada
Vaughan, Canada
Winnipeg, Canada
Halifax, Canada
Québec, Canada
Zürich, Switzerland
San-Pédro, Ivory Coast
Koumassi, Ivory Coast
Korhogo, Ivory Coast
Daloa, Ivory Coast
Bouaké, Ivory Coast
Abobo, Ivory Coast
Abidjan, Ivory Coast
Viña del Mar, Chile
Santiago, Chile
Puente Alto, Chile
Maipú, Chile
Antofagasta, Chile
Yaoundé, Cameroon
Maroua, Cameroon
Douala, Cameroon
Bamenda, Cameroon
Bafoussam, Cameroon
Jiuquan, China
Kashgar, China
Gujangbagh, China
Baoshan, China
Ürümqi, China
Shihezi, China
Korla, China
Aqsu, China
Zunyi, China
Ziyang, China
Zigong, China
Zhuzhou, China
Zhumadian, China
Shangqiu, China
Zhucheng, China
Zhoukou, China
Zhenjiang, China
Zhengzhou, China
Zhaotong, China
Zhaoqing, China
Zhanjiang, China
Zhangzhou, China
Zhangye, China
Zibo, China
Anyang, China
Zhabei, China
Zaozhuang, China
Kunshan, China
Pizhou, China
Yunfu, China
Yuncheng, China
Yulin, China
Heyuan, China
Yongzhou, China
Yinchuan, China
Yichun, China
Yixing, China
Yichang, China
Yibin, China
Yantai, China
Yangzhou, China
Zhangjiagang, China
Yangquan, China
Yancheng, China
Yan’an, China
Ya'an, China
Tongshan, China
Shangrao, China
Xuchang, China
Xuancheng, China
Xinzhou, China
Xinyu, China
Xinyang, China
Xinxiang, China
Xining, China
Xingtai, China
Ankang, China
Xinyi, China
Xichang, China
Xiaogan, China
Xianyang, China
Xianning, China
Zhuhai, China
Xiangtan, China
Xiangyang, China
Xi’an, China
Xiamen, China
Wuzhou, China
Wuxi, China
Changde, China
Wuhu, China
Wuhan, China
Wenzhou, China
Wenchang, China
Weinan, China
Weihai, China
Weifang, China
Wanxian, China
Wanning, China
Huangshan, China
Tongling, China
Tianshui, China
Tianjin, China
Tangshan, China
Tanggu, China
Taizhou, China
Taiyuan, China
Taicang, China
Tai’an, China
Suzhou, China
Suqian, China
Suizhou, China
Suining, China
Laixi, China
Shouguang, China
Shiyan, China
Shiqi, China
Shijiazhuang, China
Shenzhen, China
Shaoxing, China
Shaoguan, China
Shanwei, China
Shantou, China
Shangluo, China
Shanghai, China
Sanya, China
Sanming, China
Sanmenxia, China
Changsha, China
Rui’an, China
Jieyang, China
Quzhou, China
Qujing, China
Quanzhou, China
Qinzhou, China
Qinhuangdao, China
Jinjiang, China
Huai'an, China
Qingdao, China
Qingyuan, China
Puyang, China
Putian, China
Pingxiang, China
Pingliang, China
Pingdu, China
Pingdingshan, China
Pengze, China
Guang’an, China
Ningbo, China
Neijiang, China
Nanyang, China
Nantong, China
Nanping, China
Nanning, China
Nanjing, China
Nanchong, China
Nanchang, China
Mianyang, China
Meizhou, China
Meishan, China
Maoming, China
Ma’anshan, China
Luzhou, China
Luoyang, China
Luohe, China
Luancheng, China
Lu’an, China
Loudi, China
Longyan, China
Guankou, China
Puning, China
Lishui, China
Liuzhou, China
Linyi, China
Linfen, China
Lincang, China
Liaocheng, China
Wuwei, China
Leshan, China
Lanzhou, China
Langfang, China
Laiwu, China
Laibin, China
Kunming, China
Kaifeng, China
Jizhou, China
Jiujiang, China
Jining, China
Jinhua, China
Jingzhou, China
Jingmen, China
Jingdezhen, China
Jincheng, China
Jinan, China
Jiaxing, China
Jiaozuo, China
Jiaozhou, China
Ningde, China
Jiangmen, China
Yangjiang, China
Ji’an, China
Guangyuan, China
Qionghai, China
Huzhou, China
Cixi, China
Huizhou, China
Huangshi, China
Xingyi, China
Huainan, China
Huaihua, China
Huaibei, China
Heze, China
Hechuan, China
Heshan, China
Hengyang, China
Hengshui, China
Hefei, China
Hebi, China
Hanzhong, China
Hangzhou, China
Changzhi, China
Handan, China
Jiaojiang, China
Haikou, China
Guyuan, China
Guli, China
Guiyang, China
Guilin, China
Guigang, China
Guangzhou, China
Gaomi, China
Ganzhou, China
Fuzhou, China
Fuzhou, China
Fuyang, China
Foshan, China
Dongying, China
Dongguan, China
Dingxi, China
Dezhou, China
Deyang, China
Zhangjiajie, China
Daye, China
Dazhou, China
Dalian, China
Chuzhou, China
Chuxiong, China
Yiwu, China
Chongqing, China
Chizhou, China
Chenzhou, China
Jiangyin, China
Chengdu, China
Chaozhou, China
Changzhou, China
Changzhi, China
Changyi, China
Changsha, China
Cangzhou, China
Bozhou, China
Baise, China
Binzhou, China
Bijie, China
Bengbu, China
Beijing, China
Beihai, China
Basuo, China
Shaoyang, China
Baoding, China
Shangyu, China
Anshun, China
Anqiu, China
Anqing, China
Suzhou, China
Zhoushan, China
Banan, China
Tanzhou, China
Yueyang, China
Zhangjiakou, China
Yingkou, China
Yanji, China
Xuanhua, China
Tonghua, China
Tieling, China
Siping, China
Shuangyashan, China
Shenyang, China
Qitaihe, China
Qiqihar, China
Panshan, China
Mudanjiang, China
Longshan, China
Liaoyang, China
Jixi, China
Jinzhou, China
Lianshan, China
Jilin, China
Jiamusi, China
Huludao, China
Hohhot, China
Hegang, China
Harbin, China
Fuxin, China
Fushun, China
Datong, China
Daqing, China
Dandong, China
Chifeng, China
Chengde, China
Chaoyang, China
Changchun, China
Benxi, China
Bei’an, China
Baotou, China
Baicheng, China
Anshan, China
E’zhou, China
Panzhihua, China
Tantou, China
Zhongshan, China
Tongchuan, China
Changshu, China
Fenghuang, China
Hezhou, China
Zhu Cheng City, China
Xilinhot, China
Lhoka, China
Ulanqab, China
Ordos, China
Taizhou, China
Wenshan City, China
Liupanshui, China
Huanggang, China
Rizhao, China
Puyang, China
Jianshui, China
Xuzhou, China
Lianyungang, China
Jinzhong, China
Baoji, China
Huocheng, China
Bayan Nur, China
Chongzuo, China
Yunlong, China
Shizuishan, China
Hechi, China
Wanzhou, China
Qingyang, China
Hulunbuir, China
Bao'an, China
Luohu District, China
Mengzi, China
Lüliang, China
Chéngguān Qū, China
Villavicencio, Colombia
Valledupar, Colombia
Soledad, Colombia
Soacha, Colombia
Santa Marta, Colombia
Popayán, Colombia
Pereira, Colombia
Pasto, Colombia
Palmira, Colombia
Neiva, Colombia
Montería, Colombia
Medellín, Colombia
Manizales, Colombia
Ibagué, Colombia
Cúcuta, Colombia
Cartagena, Colombia
Cali, Colombia
Buenaventura, Colombia
Bucaramanga, Colombia
Bogotá, Colombia
Bello, Colombia
Barranquilla, Colombia
Armenia, Colombia
San José, Costa Rica
Santiago de Cuba, Cuba
Havana, Cuba
Holguín, Cuba
Camagüey, Cuba
Prague, Czechia
Brno, Czechia
Wuppertal, Germany
Stuttgart, Germany
Nürnberg, Germany
Munich, Germany
Mannheim, Germany
Leipzig, Germany
Köln, Germany
Hannover, Germany
Wandsbek, Germany
Hamburg-Mitte, Germany
Hamburg, Germany
Frankfurt am Main, Germany
Essen, Germany
Düsseldorf, Germany
Duisburg, Germany
Dresden, Germany
Dortmund, Germany
Bremen, Germany
Bonn, Germany
Bochum, Germany
Bielefeld, Germany
Berlin, Germany
Hamburg-Nord, Germany
Djibouti, Djibouti
Copenhagen, Denmark
Oran, Algeria
Constantine, Algeria
Blida, Algeria
Annaba, Algeria
Algiers, Algeria
Quito, Ecuador
Portoviejo, Ecuador
Guayaquil, Ecuador
Eloy Alfaro, Ecuador
Cuenca, Ecuador
Ambato, Ecuador
Tallinn, Estonia
Tanta, Egypt
Shubrā al Khaymah, Egypt
6th of October City, Egypt
Madīnat an Naşr, Egypt
Ḩadā’iq al Qubbah, Egypt
Damietta, Egypt
Damanhur, Egypt
Port Said, Egypt
Zagazig, Egypt
Assiut, Egypt
Aswān, Egypt
Suez, Egypt
Luxor, Egypt
Cairo, Egypt
Al Mansurah, Egypt
Al Maḩallah al Kubrá, Egypt
Al Khuşūş, Egypt
Giza, Egypt
Ismailia, Egypt
Alexandria, Egypt
Al Fayyum, Egypt
New Cairo, Egypt
Al Qāhirah al Jadīdah, Egypt
Asmara, Eritrea
Valencia, Spain
Sevilla, Spain
Palma, Spain
Murcia, Spain
Málaga, Spain
Córdoba, Spain
Alicante, Spain
Zaragoza, Spain
Valladolid, Spain
Madrid, Spain
Bilbao, Spain
Barcelona, Spain
Nazrēt, Ethiopia
Mek'ele, Ethiopia
Jijiga, Ethiopia
Gonder, Ethiopia
Dire Dawa, Ethiopia
Bahir Dar, Ethiopia
Awasa, Ethiopia
Addis Ababa, Ethiopia
Helsinki, Finland
Toulouse, France
Paris, France
Nice, France
Nantes, France
Marseille, France
Lyon, France
Marne La Vallée, France
Libreville, Gabon
Swansea, United Kingdom
Sheffield, United Kingdom
Reading, United Kingdom
Preston, United Kingdom
Nottingham, United Kingdom
Manchester, United Kingdom
London, United Kingdom
Liverpool, United Kingdom
Leicester, United Kingdom
Leeds, United Kingdom
Islington, United Kingdom
Glasgow, United Kingdom
Edinburgh, United Kingdom
Coventry, United Kingdom
Cardiff, United Kingdom
Bristol, United Kingdom
Brent, United Kingdom
Bradford, United Kingdom
Birmingham, United Kingdom
Birkenhead, United Kingdom
Belfast, United Kingdom
Tbilisi, Georgia
Tamale, Ghana
Takoradi, Ghana
Kumasi, Ghana
Accra, Ghana
Serekunda, Gambia
Conakry, Guinea
Camayenne, Guinea
Athens, Greece
Thessaloníki, Greece
Villa Nueva, Guatemala
Mixco, Guatemala
Guatemala City, Guatemala
Bissau, Guinea-Bissau
Tsuen Wan, Hong Kong
Wong Tai Sin, Hong Kong
Tuen Mun, Hong Kong
Tseung Kwan O, Hong Kong
Sha Tin, Hong Kong
Sham Shui Po, Hong Kong
Kwai Chung, Hong Kong
Kowloon City, Hong Kong
Kowloon, Hong Kong
Hong Kong, Hong Kong
Victoria, Hong Kong
New Territories, Hong Kong
Hong Kong Island, Hong Kong
Tegucigalpa, Honduras
San Pedro Sula, Honduras
Zagreb, Croatia
Port-de-Paix, Haiti
Port-au-Prince, Haiti
Delmas, Haiti
Carrefour, Haiti
Budapest, Hungary
Percut, Indonesia
Medan, Indonesia
Yogyakarta, Indonesia
Makassar, Indonesia
Tasikmalaya, Indonesia
Bandar Lampung, Indonesia
Tangerang, Indonesia
Surakarta, Indonesia
Surabaya, Indonesia
Sukabumi, Indonesia
Situbondo, Indonesia
Serang, Indonesia
Semarang, Indonesia
Samarinda, Indonesia
Pontianak, Indonesia
Pekanbaru, Indonesia
Pekalongan, Indonesia
Palu, Indonesia
Palembang, Indonesia
Padang, Indonesia
Mataram, Indonesia
Manado, Indonesia
Malang, Indonesia
Kendari, Indonesia
Jepara, Indonesia
Jambi City, Indonesia
Jakarta, Indonesia
Dumai, Indonesia
Depok, Indonesia
Denpasar, Indonesia
Cirebon, Indonesia
Cimahi, Indonesia
Cilegon, Indonesia
Cibinong, Indonesia
Bogor, Indonesia
Bengkulu, Indonesia
Bekasi, Indonesia
Banjarmasin, Indonesia
Bandung, Indonesia
Balikpapan, Indonesia
Ambon, Indonesia
Kupang, Indonesia
Jayapura, Indonesia
Batam, Indonesia
South Tangerang, Indonesia
Dublin, Ireland
Jerusalem, Israel
Tel Aviv, Israel
West Jerusalem, Israel
Warangal, India
Visakhapatnam, India
Virār, India
Vijayawada, India
Vellore, India
Varanasi, India
Vadodara, India
Ulhasnagar, India
Ujjain, India
Udaipur, India
Tumkūr, India
Thiruvananthapuram, India
Thrissur, India
Tiruppur, India
Tirunelveli, India
Tiruchirappalli, India
Thāne, India
Teni, India
Surat, India
Srinagar, India
Rajpur Sonarpur, India
Shyamnagar, India
Sholapur, India
Shivamogga, India
Siliguri, India
Shāhjānpur, India
Sāngli, India
Salem, India
Sahāranpur, India
Rohtak, India
Rasapūdipalem, India
Ranchi, India
Rāmgundam, India
Rājkot, India
Rajamahendravaram, India
Raipur, India
Kollam, India
Pune, India
Punāsa, India
Puducherry, India
Pimpri, India
Patna, India
Patiāla, India
Parbhani, India
Pānihāti, India
Nowrangapur, India
Nizāmābād, India
New Delhi, India
Nellore, India
Nashik, India
Narela, India
Nanded, India
Najafgarh, India
Nagpur, India
Mysuru, India
Muzaffarpur, India
Muzaffarnagar, India
Morādābād, India
Meerut, India
Mathura, India
Mangaluru, India
Malegaon, India
Madurai, India
Chennai, India
Ludhiana, India
Lucknow, India
Loni, India
Latur, India
Kurnool, India
Kulti, India
Kukatpally, India
Kozhikode, India
Kota, India
Korba, India
Kolhāpur, India
Karol Bāgh, India
Karnāl, India
Kanpur, India
Kāmārhāti, India
Kalyān, India
Kākināda, India
Jūnāgadh, India
Jalandhar, India
Jodhpur, India
Jhānsi, India
Jamshedpur, India
Jamnagar, India
Jammu, India
Jalgaon, India
Jaipur, India
Jabalpur, India
Indore, India
Hyderabad, India
Hubballi, India
Hisar, India
Howrah, India
Gwalior, India
Gurugram, India
Guntur, India
Kalaburagi, India
Gorakhpur, India
Gorakhpur, India
Ghāziābād, India
Gaya, India
Guwahati, India
Fīrozābād, India
Faridabad, India
Erode, India
Durgapur, India
Dombivali, India
Dhule, India
Dhanbad, India
Delhi, India
Dehra Dūn, India
Davangere, India
Cuttack, India
Kadapa, India
Coimbatore, India
Kochi, India
Chānda, India
Chandigarh, India
Kolkata, India
Brahmapur, India
Borivli, India
Mumbai, India
Bokāro, India
Bilimora, India
Bilāspur, India
Bikaner, India
Vijayapura, India
Bhubaneswar, India
Bhopal, India
Bhiwandi, India
Bhilwara, India
Bhilai, India
Bhayandar, India
Bhavnagar, India
Bhātpāra, India
Bhāgalpur, India
Ballari, India
Belagavi, India
Bareilly, India
Barddhamān, India
Bengaluru, India
Avadi, India
Aurangabad, India
Āsansol, India
Amritsar, India
Amravati, India
Ambattur, India
Alwar, India
Prayagraj, India
Alīgarh, India
Akola, India
Ajmer, India
Ahilyanagar, India
Ahmedabad, India
Agra, India
Agartala, India
Maheshtala, India
Navi Mumbai, India
Shivaji Nagar, India
Pimpri-Chinchwad, India
Thoothukudi, India
Gundupālaiyam, India
Rohini, India
Kallakurichi, India
Kanayannur, India
Kirkuk, Iraq
Karbala, Iraq
Erbil, Iraq
Dihok, Iraq
Baghdad, Iraq
As Sulaymānīyah, Iraq
Nasiriyah, Iraq
Najaf, Iraq
Al Mawşil al Jadīdah, Iraq
Mosul, Iraq
Al Maḩmūdīyah, Iraq
Al Kūt, Iraq
Al Ḩillah, Iraq
Basrah, Iraq
Al ‘Amārah, Iraq
Ad Dīwānīyah, Iraq
Abū Ghurayb, Iraq
Al Başrah al Qadīmah, Iraq
Āzādshahr, Iran
Zanjan, Iran
Yazd, Iran
Tehran, Iran
Tabriz, Iran
Shiraz, Iran
Sanandaj, Iran
Rasht, Iran
Qom, Iran
Qazvin, Iran
Shahr-e Qods, Iran
Orūmīyeh, Iran
Mashhad, Iran
Khorramshahr, Iran
Khorramabad, Iran
Kermanshah, Iran
Kerman, Iran
Karaj, Iran
Hamadān, Iran
Bandar Abbas, Iran
Ardabīl, Iran
Arāk, Iran
Shahrīār, Iran
Ahvaz, Iran
Abadan, Iran
Isfahan, Iran
Eslamshahr, Iran
Zahedan, Iran
Pasragad Branch, Iran
Palermo, Italy
Catania, Italy
Turin, Italy
Rome, Italy
Naples, Italy
Milan, Italy
Genoa, Italy
Florence, Italy
Bologna, Italy
Bari, Italy
New Kingston, Jamaica
Kingston, Jamaica
Irbid, Jordan
Zarqa, Jordan
Amman, Jordan
Akashi, Japan
Yokosuka, Japan
Yokohama, Japan
Yokkaichi, Japan
Utsunomiya, Japan
Toyota, Japan
Toyonaka, Japan
Toyohashi, Japan
Toyama, Japan
Tokyo, Japan
Tokorozawa, Japan
Takatsuki, Japan
Takasaki, Japan
Takamatsu, Japan
Suita, Japan
Shizuoka, Japan
Shinagawa, Japan
Minato, Japan
Sakai, Japan
Ōtsu, Japan
Osaka, Japan
Okazaki, Japan
Okayama, Japan
Ōita, Japan
Nishinomiya, Japan
Niigata, Japan
Nara-shi, Japan
Naha, Japan
Nagoya, Japan
Nagasaki, Japan
Nagano, Japan
Miyazaki, Japan
Matsudo, Japan
Maebashi, Japan
Machida, Japan
Kyoto, Japan
Kurume, Japan
Kurashiki, Japan
Kumamoto, Japan
Koshigaya, Japan
Kochi, Japan
Kobe, Japan
Kitakyushu, Japan
Kawasaki, Japan
Kawaguchi, Japan
Kawagoe, Japan
Kasugai, Japan
Kashiwa, Japan
Kanazawa, Japan
Kagoshima, Japan
Itabashi, Japan
Ichinomiya, Japan
Hiroshima, Japan
Hirakata, Japan
Himeji, Japan
Higashiosaka, Japan
Hamamatsu, Japan
Hachiōji, Japan
Gifu, Japan
Honchō, Japan
Fukuyama, Japan
Fukuoka, Japan
Fujisawa, Japan
Amagasaki, Japan
Aihara, Japan
Wakayama, Japan
Matsuyama, Japan
Sendai, Japan
Kōriyama, Japan
Iwaki, Japan
Chiba, Japan
Akita, Japan
Sapporo, Japan
Asahikawa, Japan
Saitama, Japan
Katsushika, Japan
Kita, Japan
Ōta, Japan
Toshima, Japan
Nakano, Japan
Adachi, Japan
Edogawe, Japan
Kotō, Japan
Sagamihara, Japan
Setagaya, Japan
Shinjuku, Japan
Suginami, Japan
Ichikawa, Japan
Ruiru, Kenya
Nakuru, Kenya
Nairobi, Kenya
Mombasa, Kenya
Kisumu, Kenya
Kikuyu, Kenya
Kakamega, Kenya
Eldoret, Kenya
Osh, Kyrgyzstan
Bishkek, Kyrgyzstan
Phnom Penh, Cambodia
Takeo, Cambodia
Wŏnsan, North Korea
Sunch’ŏn, North Korea
Sariwŏn-si, North Korea
Pyongyang, North Korea
Namp’o, North Korea
Man’gyŏngdae-ri, North Korea
Kaesŏng, North Korea
Kaech’ŏn, North Korea
Hŭngnam, North Korea
Hamhŭng, North Korea
Chongjin, North Korea
Yangsan, South Korea
Wŏnju, South Korea
Ulsan, South Korea
Uijeongbu-si, South Korea
Daejeon, South Korea
Daegu, South Korea
Suwon, South Korea
Seoul, South Korea
Pyeongtaek, South Korea
Busan, South Korea
Bucheon-si, South Korea
Pohang, South Korea
Masan, South Korea
Gwangju, South Korea
Gumi, South Korea
Goyang-si, South Korea
Kimhae, South Korea
Iksan, South Korea
Incheon, South Korea
Hwaseong-si, South Korea
Jeonju, South Korea
Cheongju-si, South Korea
Cheonan, South Korea
Chinju, South Korea
Jeju City, South Korea
Changwon, South Korea
Anyang-si, South Korea
Ansan-si, South Korea
Seongnam-si, South Korea
Gwangmyeong, South Korea
Sejong, South Korea
Al Aḩmadī, Kuwait
Oral, Kazakhstan
Karagandy, Kazakhstan
Aktobe, Kazakhstan
Taraz, Kazakhstan
Shymkent, Kazakhstan
Kyzylorda, Kazakhstan
Pavlodar, Kazakhstan
Ust-Kamenogorsk, Kazakhstan
Astana, Kazakhstan
Almaty, Kazakhstan
Ra’s Bayrūt, Lebanon
Beirut, Lebanon
Colombo, Sri Lanka
Monrovia, Liberia
Maseru, Lesotho
Vilnius, Lithuania
Riga, Latvia
Benghazi, Libya
Tripoli, Libya
Misratah, Libya
Tétouan, Morocco
Temara, Morocco
Tangier, Morocco
Salé, Morocco
Safi, Morocco
Rabat, Morocco
Oujda, Morocco
Meknes, Morocco
Marrakesh, Morocco
Kenitra, Morocco
Fes, Morocco
Casablanca, Morocco
Al Hoceïma, Morocco
Agadir, Morocco
Chisinau, Moldova
Toamasina, Madagascar
Antananarivo, Madagascar
Skopje, North Macedonia
Sikasso, Mali
Bamako, Mali
Yangon, Myanmar
Mawlamyine, Myanmar
Mandalay, Myanmar
Kalemyo, Myanmar
Nay Pyi Taw, Myanmar
Ulan Bator, Mongolia
Macau, Macao
Nouakchott, Mauritania
Lilongwe, Malawi
Blantyre, Malawi
Xochimilco, Mexico
Xico, Mexico
Álvaro Obregón, Mexico
Villahermosa, Mexico
Gustavo Adolfo Madero, Mexico
Veracruz, Mexico
Tuxtla, Mexico
Toluca, Mexico
Tlalpan, Mexico
Tlalnepantla, Mexico
Tláhuac, Mexico
Cuautitlán Izcalli, Mexico
Tapachula, Mexico
Tampico, Mexico
Reynosa, Mexico
Puebla, Mexico
Nuevo Laredo, Mexico
Naucalpan de Juárez, Mexico
Mérida, Mexico
Heroica Matamoros, Mexico
Xalapa de Enríquez, Mexico
Ixtapaluca, Mexico
Iztapalapa, Mexico
Iztacalco, Mexico
Ecatepec de Morelos, Mexico
Cuernavaca, Mexico
Coyoacán, Mexico
Coatzacoalcos, Mexico
Ciudad Victoria, Mexico
Ciudad Nezahualcoyotl, Mexico
Mexico City, Mexico
Cancún, Mexico
Azcapotzalco, Mexico
Ciudad López Mateos, Mexico
Acapulco de Juárez, Mexico
Benito Juarez, Mexico
Venustiano Carranza, Mexico
Miguel Hidalgo, Mexico
Cuauhtémoc, Mexico
Ojo de Agua, Mexico
Zapopan, Mexico
Torreón, Mexico
Tonalá, Mexico
Tlaquepaque, Mexico
Tijuana, Mexico
Tepic, Mexico
Santa Catarina, Mexico
San Luis Potosí, Mexico
Saltillo, Mexico
Santiago de Querétaro, Mexico
Morelia, Mexico
Monterrey, Mexico
Mexicali, Mexico
Mazatlán, Mexico
León de los Aldama, Mexico
Ciudad Benito Juárez, Mexico
Irapuato, Mexico
Hermosillo, Mexico
Guadalupe, Mexico
Guadalajara, Mexico
Ensenada, Mexico
Victoria de Durango, Mexico
Culiacán, Mexico
Ciudad Obregón, Mexico
Ciudad Juárez, Mexico
Chihuahua, Mexico
Celaya, Mexico
Ciudad Apodaca, Mexico
Aguascalientes, Mexico
Benito Juárez, Mexico
Pasir Gudang, Malaysia
Kampung Larkin Lama, Malaysia
Pelentong, Malaysia
Johor Bahru, Malaysia
Kluang, Malaysia
Muar, Malaysia
Shah Alam, Malaysia
Kota Kinabalu, Malaysia
Sandakan, Malaysia
Tawau, Malaysia
Ipoh, Malaysia
Kuala Terengganu, Malaysia
Malacca, Malaysia
Seremban, Malaysia
Petaling Jaya, Malaysia
Kuala Lumpur, Malaysia
Setapak, Malaysia
Kuantan, Malaysia
Sungai Petani, Malaysia
Kuching, Malaysia
Alor Setar, Malaysia
Kota Bharu, Malaysia
Miri, Malaysia
Puchong, Malaysia
Kampung Baru Subang, Malaysia
Kota Kuala Muda, Malaysia
Selayang Baru Utara, Malaysia
Subang Jaya, Malaysia
Iskandar Puteri, Malaysia
Kota Damansara, Malaysia
Taman Petaling, Malaysia
Mukim Pulai, Malaysia
Bukit Rahman Putra, Malaysia
Tete, Mozambique
Quelimane, Mozambique
Nampula, Mozambique
Matola, Mozambique
Maputo, Mozambique
Chimoio, Mozambique
Beira, Mozambique
Windhoek, Namibia
Zinder, Niger
Niamey, Niger
Maradi, Niger
Zaria, Nigeria
Yola, Nigeria
Yenagoa, Nigeria
Warri, Nigeria
Uyo, Nigeria
Umuahia, Nigeria
Sokoto, Nigeria
Sapele, Nigeria
Port Harcourt, Nigeria
Oyo, Nigeria
Owerri, Nigeria
Osogbo, Nigeria
Onitsha, Nigeria
Ondo, Nigeria
Okene, Nigeria
Ogbomoso, Nigeria
Minna, Nigeria
Makurdi, Nigeria
Maiduguri, Nigeria
Lekki, Nigeria
Lagos, Nigeria
Katsina, Nigeria
Kano, Nigeria
Kaduna, Nigeria
Jos, Nigeria
Iseyin, Nigeria
Ilorin, Nigeria
Ilesa, Nigeria
Ikeja, Nigeria
Ikare, Nigeria
Ijebu Ode, Nigeria
Ile-Ife, Nigeria
Ibadan, Nigeria
Gombe, Nigeria
Gboko, Nigeria
Enugu, Nigeria
Ebute Ikorodu, Nigeria
Calabar, Nigeria
Bida, Nigeria
Benin City, Nigeria
Bauchi, Nigeria
Akure, Nigeria
Ado-Ekiti, Nigeria
Abuja, Nigeria
Abeokuta, Nigeria
Aba, Nigeria
Obalende, Nigeria
Ajegunle, Nigeria
Alimosho, Nigeria
Akowonjo, Nigeria
Managua, Nicaragua
Utrecht, The Netherlands
The Hague, The Netherlands
Rotterdam, The Netherlands
Amsterdam, The Netherlands
Oslo, Norway
Pokhara, Nepal
Kathmandu, Nepal
Bharatpur, Nepal
Wellington, New Zealand
Manukau City, New Zealand
Christchurch, New Zealand
Auckland, New Zealand
Muscat, Oman
Bawshar, Oman
Seeb, Oman
San Miguelito, Panama
Panamá, Panama
Trujillo, Peru
Pucallpa, Peru
Piura, Peru
Iquitos, Peru
Chimbote, Peru
Chiclayo, Peru
Lima, Peru
Huancayo, Peru
Cusco, Peru
Callao, Peru
Arequipa, Peru
Zamboanga, Philippines
Valenzuela, Philippines
Tarlac City, Philippines
Taguig, Philippines
San Pedro, Philippines
San Pablo, Philippines
Quezon City, Philippines
Pasay, Philippines
Paranaque City, Philippines
Marikina City, Philippines
Mansilingan, Philippines
Manila, Philippines
Mandaue City, Philippines
Mandaluyong City, Philippines
Malabon, Philippines
Makati City, Philippines
Las Piñas, Philippines
Lapu-Lapu City, Philippines
Imus, Philippines
Iloilo, Philippines
Iligan City, Philippines
Iligan, Philippines
General Santos, Philippines
Davao, Philippines
Dasmariñas, Philippines
Cotabato, Philippines
Cebu City, Philippines
Caloocan City, Philippines
Calamba, Philippines
Cagayan de Oro, Philippines
Cabuyao, Philippines
Cabanatuan City, Philippines
Butuan, Philippines
Budta, Philippines
Bacoor, Philippines
Bacolod City, Philippines
Antipolo, Philippines
Angeles City, Philippines
Malingao, Philippines
Pasig City, Philippines
Mandaluyong, Philippines
Tando Allahyar, Pakistan
Sukkur, Pakistan
Sialkot, Pakistan
Shekhupura, Pakistan
Sargodha, Pakistan
Sahiwal, Pakistan
Rawalpindi, Pakistan
Rahim Yar Khan, Pakistan
Quetta, Pakistan
Peshawar, Pakistan
Okara, Pakistan
Nawabshah, Pakistan
Muzaffarābād, Pakistan
Multan, Pakistan
Mardan, Pakistan
Larkana, Pakistan
Lahore, Pakistan
Kasur, Pakistan
Karachi, Pakistan
Jhang Sadr, Pakistan
Islamabad, Pakistan
Hyderabad, Pakistan
Hafizabad, Pakistan
Gujrat, Pakistan
Gujranwala, Pakistan
Faisalabad, Pakistan
Dera Ismail Khan, Pakistan
Dera Ghazi Khan, Pakistan
Chiniot, Pakistan
Battagram, Pakistan
Bannu, Pakistan
Bahawalpur, Pakistan
Wah Cantt, Pakistan
Warsaw, Poland
Lublin, Poland
Wrocław, Poland
Szczecin, Poland
Poznań, Poland
Łódź, Poland
Kraków, Poland
Katowice, Poland
Gdańsk, Poland
Bydgoszcz, Poland
San Juan, Puerto Rico
Gaza, Palestinian Territory
Lisbon, Portugal
Ciudad del Este, Paraguay
Asunción, Paraguay
Doha, Qatar
Iaşi, Romania
Constanţa, Romania
Bucharest, Romania
Sector 3, Romania
Sector 6, Romania
Belgrade, Serbia
Yaroslavl, Russia
Voronezh, Russia
Volzhsky, Russia
Vologda, Russia
Volgograd, Russia
Vladimir, Russia
Vladikavkaz, Russia
Ulyanovsk, Russia
Ufa, Russia
Tver, Russia
Tula, Russia
Tolyatti, Russia
Stavropol’, Russia
Sochi, Russia
Smolensk, Russia
Saratov, Russia
Saransk, Russia
Saint Petersburg, Russia
Samara, Russia
Ryazan’, Russia
Rostov-na-Donu, Russia
Perm, Russia
Penza, Russia
Orenburg, Russia
Orël, Russia
Nizhny Tagil, Russia
Nizhniy Novgorod, Russia
Naberezhnyye Chelny, Russia
Moscow, Russia
Makhachkala, Russia
Magnitogorsk, Russia
Lipetsk, Russia
Kursk, Russia
Krasnodar, Russia
Kirov, Russia
Kazan, Russia
Kaluga, Russia
Kaliningrad, Russia
Izhevsk, Russia
Ivanovo, Russia
Cherepovets, Russia
Cheboksary, Russia
Bryansk, Russia
Belgorod, Russia
Astrakhan, Russia
Arkhangel’sk, Russia
Yekaterinburg, Russia
Tyumen, Russia
Tomsk, Russia
Surgut, Russia
Omsk, Russia
Novosibirsk, Russia
Novokuznetsk, Russia
Kurgan, Russia
Krasnoyarsk, Russia
Kemerovo, Russia
Chelyabinsk, Russia
Barnaul, Russia
Vladivostok, Russia
Ulan-Ude, Russia
Khabarovsk, Russia
Irkutsk, Russia
Chita, Russia
Khabarovsk Vtoroy, Russia
Kalininskiy, Russia
Krasnogvargeisky, Russia
Kigali, Rwanda
Tabuk, Saudi Arabia
Sulţānah, Saudi Arabia
Najrān, Saudi Arabia
Makkah, Saudi Arabia
Khamis Mushait, Saudi Arabia
Jeddah, Saudi Arabia
Ha'il, Saudi Arabia
Buraydah, Saudi Arabia
Ta’if, Saudi Arabia
Riyadh, Saudi Arabia
Madinah, Saudi Arabia
Al Kharj, Saudi Arabia
Dammam, Saudi Arabia
Wad Medani, Sudan
Omdurman, Sudan
Nyala, Sudan
Kosti, Sudan
Kassala, Sudan
Port Sudan, Sudan
El Obeid, Sudan
Al Qadarif, Sudan
Khartoum North, Sudan
Khartoum, Sudan
Stockholm, Sweden
Malmö, Sweden
Göteborg, Sweden
Singapore, Singapore
Bratislava, Slovakia
Freetown, Sierra Leone
Touba, Senegal
Thiès, Senegal
Pikine, Senegal
Dakar, Senegal
Guédiawaye, Senegal
Mogadishu, Somalia
Hargeysa, Somalia
Borama, Somalia
Juba, South Sudan
Soyapango, El Salvador
San Salvador, El Salvador
Ţarţūs, Syria
Homs, Syria
Ḩamāh, Syria
Aleppo, Syria
Damascus, Syria
Ar Raqqah, Syria
Latakia, Syria
Al Ḩasakah, Syria
N'Djamena, Chad
Lomé, Togo
Samut Prakan, Thailand
Bangkok, Thailand
Dushanbe, Tajikistan
Ashgabat, Turkmenistan
Tunis, Tunisia
Van, Turkey
Uşak, Turkey
Şanlıurfa, Turkey
Tarsus, Turkey
Mersin, Turkey
Malatya, Turkey
Konya, Turkey
Kayseri, Turkey
Kahramanmaraş, Turkey
İzmir, Turkey
Gaziantep, Turkey
Eskişehir, Turkey
Erzurum, Turkey
Elazığ, Turkey
Diyarbakır, Turkey
Denizli, Turkey
Batman, Turkey
Antalya, Turkey
Ankara, Turkey
Alanya, Turkey
Adana, Turkey
Üsküdar, Turkey
Umraniye, Turkey
Şişli, Turkey
Samsun, Turkey
Maltepe, Turkey
Istanbul, Turkey
Esenler, Turkey
Bursa, Turkey
Bağcılar, Turkey
Ataşehir, Turkey
Çankaya, Turkey
Bahçelievler, Turkey
Sultangazi, Turkey
Karabağlar, Turkey
Muratpaşa, Turkey
Taoyuan, Taiwan
Taipei, Taiwan
Tainan, Taiwan
Taichung, Taiwan
Banqiao, Taiwan
Fengshan, Taiwan
Kaohsiung, Taiwan
Hsinchu, Taiwan
Keelung, Taiwan
Taoyuan City, Taiwan
New Taipei City, Taiwan
Zanzibar, Tanzania
Tanga, Tanzania
Tabora, Tanzania
Sumbawanga, Tanzania
Mwanza, Tanzania
Morogoro, Tanzania
Mbeya, Tanzania
Kahama, Tanzania
Geita, Tanzania
Dodoma, Tanzania
Dar es Salaam, Tanzania
Arusha, Tanzania
Zaporizhzhya, Ukraine
Vinnytsya, Ukraine
Stara Darnytsya, Ukraine
Simferopol, Ukraine
Sevastopol, Ukraine
Odesa, Ukraine
Mykolayiv, Ukraine
Makiivka, Ukraine
Lviv, Ukraine
Luhansk, Ukraine
Kyiv, Ukraine
Kryvyy Rih, Ukraine
Kharkiv, Ukraine
Donetsk, Ukraine
Dnipro, Ukraine
Saltivka, Ukraine
Obolon, Ukraine
Svyatoshyn, Ukraine
Kira, Uganda
Kampala, Uganda
Bunamwaya, Uganda
Nansana, Uganda
Washington, United States
Jacksonville, United States
Miami, United States
Orlando, United States
Tampa, United States
Atlanta, United States
Indianapolis, United States
Wichita, United States
Lexington, United States
Louisville, United States
New Orleans, United States
Baltimore, United States
Kansas City, United States
Charlotte, United States
Raleigh, United States
West Raleigh, United States
Cincinnati, United States
Columbus, United States
Oklahoma City, United States
Tulsa, United States
Philadelphia, United States
Memphis, United States
Nashville, United States
Arlington, United States
Austin, United States
Corpus Christi, United States
Dallas, United States
Fort Worth, United States
Houston, United States
San Antonio, United States
Virginia Beach, United States
Chicago, United States
Boston, United States
South Boston, United States
Detroit, United States
Minneapolis, United States
Saint Paul, United States
Omaha, United States
The Bronx, United States
Brooklyn, United States
Manhattan, United States
New York City, United States
Queens, United States
Staten Island, United States
Cleveland, United States
Pittsburgh, United States
Milwaukee, United States
Mesa, United States
Phoenix, United States
Tucson, United States
Anaheim, United States
Bakersfield, United States
Fresno, United States
Long Beach, United States
Los Angeles, United States
Oakland, United States
Riverside, United States
Sacramento, United States
San Diego, United States
San Francisco, United States
San Jose, United States
Santa Ana, United States
Stockton, United States
Aurora, United States
Denver, United States
Albuquerque, United States
Las Vegas, United States
El Paso, United States
Portland, United States
Seattle, United States
Honolulu, United States
Montevideo, Uruguay
Nukus, Uzbekistan
Samarkand, Uzbekistan
Yunusobod, Uzbekistan
Tashkent, Uzbekistan
Namangan, Uzbekistan
Andijon, Uzbekistan
Valencia, Venezuela
Turmero, Venezuela
Puerto La Cruz, Venezuela
Petare, Venezuela
Maracay, Venezuela
Maracaibo, Venezuela
Cumaná, Venezuela
Ciudad Guayana, Venezuela
Ciudad Bolívar, Venezuela
Caracas, Venezuela
Cabimas, Venezuela
Barquisimeto, Venezuela
Barinas, Venezuela
Barcelona, Venezuela
Maturín, Venezuela
Vũng Tàu, Vietnam
Vinh, Vietnam
Việt Trì, Vietnam
Long Bien, Vietnam
Thủ Đức, Vietnam
Thủ Dầu Một, Vietnam
Ho Chi Minh City, Vietnam
Thanh Hóa, Vietnam
Thái Nguyên, Vietnam
Rạch Giá, Vietnam
Qui Nhon, Vietnam
Nha Trang, Vietnam
Nghi Sơn, Vietnam
Nam Định, Vietnam
Huế, Vietnam
Hanoi, Vietnam
Haiphong, Vietnam
Dĩ An, Vietnam
Da Nang, Vietnam
Chợ Lớn, Vietnam
Cần Thơ, Vietnam
Buôn Ma Thuột, Vietnam
Biên Hòa, Vietnam
Bến Cát, Vietnam
Bắc Giang, Vietnam
An Nhơn, Vietnam
Bình Thạnh, Vietnam
Hai Bà Trưng, Vietnam
Quận Mười Một, Vietnam
Quận Mười, Vietnam
Gia Lâm, Vietnam
Thuận An, Vietnam
Bắc Từ Liêm, Vietnam
Pristina, Kosovo
Taiz, Yemen
Sanaa, Yemen
Ibb, Yemen
Mukalla, Yemen
Al Ḩudaydah, Yemen
Aden, Yemen
Roodepoort, South Africa
Emalahleni, South Africa
Welkom, South Africa
Vereeniging, South Africa
Thembisa, South Africa
Soweto, South Africa
Soshanguve, South Africa
Rustenburg, South Africa
Randburg, South Africa
Pretoria, South Africa
Port Elizabeth, South Africa
Newcastle, South Africa
Krugersdorp, South Africa
Johannesburg, South Africa
Evaton, South Africa
East London, South Africa
Durban, South Africa
Brakpan, South Africa
Botshabelo, South Africa
Boksburg, South Africa
Bloemfontein, South Africa
Benoni, South Africa
Cape Town, South Africa
Diepsloot, South Africa
Solwezi, Zambia
Ndola, Zambia
Lusaka, Zambia
Kitwe, Zambia
Chipata, Zambia
Harare, Zimbabwe
Bulawayo, Zimbabwe
Chitungwiza, Zimbabwe
